<?xml version="1.0" encoding="UTF-8"?>
<project-private xmlns="http://www.netbeans.org/ns/project-private/1">
    <editor-bookmarks xmlns="http://www.netbeans.org/ns/editor-bookmarks/2" lastBookmarkId="0"/>
    <open-files xmlns="http://www.netbeans.org/ns/projectui-open-files/2">
        <group>
            <file>file:/C:/Users/Juan%20Leonardo/Documents/NetBeansProjects/ChatRMI/src/chatrmi/ChatCliente.java</file>
            <file>file:/C:/Users/Juan%20Leonardo/Documents/NetBeansProjects/ChatRMI/src/chatrmi/ChatImpl.java</file>
            <file>file:/C:/Users/Juan%20Leonardo/Documents/NetBeansProjects/ChatRMI/src/chatrmi/ChatIC.java</file>
            <file>file:/C:/Users/Juan%20Leonardo/Documents/NetBeansProjects/ChatRMI/src/chatrmi/ChatRMI.java</file>
            <file>file:/C:/Users/Juan%20Leonardo/Documents/NetBeansProjects/ChatRMI/src/chatrmi/ChatI.java</file>
            <file>file:/C:/Users/Juan%20Leonardo/Documents/NetBeansProjects/ChatRMI/src/chatrmi/ChatCImpl.java</file>
        </group>
    </open-files>
</project-private>
